<?xml version="1.0" encoding="UTF-8"?>
<beans xmlns="http://www.springframework.org/schema/beans"
	xmlns:xsi="http://www.w3.org/2001/XMLSchema-instance"
	xmlns:mvc="http://www.springframework.org/schema/mvc"
	xsi:schemaLocation="http://www.springframework.org/schema/mvc http://www.springframework.org/schema/mvc/spring-mvc-4.3.xsd
		http://www.springframework.org/schema/beans http://www.springframework.org/schema/beans/spring-beans.xsd">


	<bean class="org.springframework.mail.javamail.JavaMailSenderImpl" id="javaMailSender">
		<property name="host" value="smtp.gmail.com"></property>

		<property name="port" value="587"/>
		<property name="defaultEncoding" value="utf-8"/>
		<property name="username" value="dstay20191205@gmail.com"/>
		<property name="password" value="dstayProject"/>
		<property name="javaMailProperties">
			<props>
				<prop key="mail.smtp.auth">true</prop>
				<prop key="mail.smtp.starttls.enable">true</prop>	
			</props>
		</property>
	</bean>
	
	<bean id="validator" class="org.springframework.validation.beanvalidation.LocalValidatorFactoryBean" />
	<mvc:annotation-driven/>
	</beans>
