<?xml version="1.0" encoding="UTF-8"?>
<beans xmlns="http://www.springframework.org/schema/beans"
	xmlns:xsi="http://www.w3.org/2001/XMLSchema-instance"
	xsi:schemaLocation="http://www.springframework.org/schema/beans https://www.springframework.org/schema/beans/spring-beans.xsd">
	
	<!-- Root Context: defines shared resources visible to all other web components -->
	
	<!-- Database Driver Setting -->
	<bean class="org.apache.commons.dbcp.BasicDataSource" id="dataSource" destroy-method="close">
		<property name="driverClassName" value="oracle.jdbc.driver.OracleDriver"/>
		<property name="url" value="jdbc:oracle:thin:@localhost:1521:XE"/>
		<property name="username" value="dstay"/>
		<property name="password" value="dstay"/>
		<property name="defaultAutoCommit" value="false"/>
	</bean>
	<!-- Database Driver Setting END -->
	
	<!-- Mybatis Setting -->
	<bean class="org.mybatis.spring.SqlSessionFactoryBean" id="sqlSession">
		<property name="configLocation" value="classpath:mybatis-config.xml"/>
		<property name="dataSource" ref="dataSource"/>
	</bean>
	
	<bean class="org.mybatis.spring.SqlSessionTemplate" id="sqlSessionTemplate">
		<constructor-arg ref="sqlSession"/>
	</bean>
	<!--  Mybatis Setting END -->
	
	<!-- File Upload Setting -->
	<bean id="multipartResolver" class="org.springframework.web.multipart.commons.CommonsMultipartResolver">
		<property name="maxUploadSize" value="-1"/>
		<property name="maxInMemorySize" value="10000000"/>
		<!-- 배포용이 아닌, 포트폴리오용 프로젝트이기 때문에 업로드의 사이즈를 제한 없게 설정합니다. -->
		<!-- 배포용이라고 가정한다면, 파일당 업로드제한 3메가 최대 업로드제한 10메가로 지정합니다. -->
	</bean>
</beans>
