<?xml version="1.0" encoding="UTF-8"?>
<!DOCTYPE mapper PUBLIC "-//mybatis.org//DTD Mapper 3.0//EN" "http://mybatis.org/dtd/mybatis-3-mapper.dtd" >
<mapper namespace="mypageMapper">

<resultMap id="memberResultSet" type="Member">
	<id property="no" column="m_no"/>
	<result property="email" column="email"/>
	<result property="phone" column="phone"/>
	<result property="password" column="password"/>
	<result property="name" column="name"/>
	<result property="nickName" column="nickname"/>
	<result property="gender" column="gender"/>
	<result property="age" column="age"/>
	<result property="goalCalorie" column="goal_calorie"/>
	<result property="date" column="m_date"/>
	<result property="status" column="status"/>
</resultMap>

<resultMap id="guestOrderResultSet" type="GuestOrder">
	<id property="goNo" column="gono"/>
	<result property="payNo" column="payno"/>
	<result property="no" column="pno"/>
	<result property="name" column="gname"/>
	<result property="phone" column="gphone"/>
	<result property="email" column="gemail"/>
	<result property="post" column="gpost"/>
	<result property="address" column="gaddress"/>
	<result property="detailAddress" column="gdetailaddress"/>
	<result property="request" column="gorequest"/>
	<result property="date" column="godate"/>
	<result property="status" column="gostatus"/>
</resultMap>
<select id="login" resultMap="memberResultSet">
	select * from member
	where email=#{email}
</select>
 
 <select id="ajaxDuplicateCheck" resultType="_int">
 	select count(*)
 	from member
 	where email=#{email}
 </select>
 <insert id="insertMember">
 	insert into Member(mno,msno,email,password,nickname,mdate)
 	values(seq_member.nextval,2,#{email},#{password},#{nickName},sysdate)
 </insert> 	
 <select id="reviewNonMemberOrder" resultMap="guestOrderResultSet">
 	select * from guest_orders
 	where gono = #{goNo} and gphone=#{phone}
 </select>
 <update id="udpateTempMember">
 	update member
 	set password=#{password}
 	where email=#{email}
 </update>
 <select id="selectFindEmailMember" resultMap="memberResultSet">
 	select * from member
 	where phone=#{phone}
 </select>
 <select id="ajaxGoogleLogin" resultMap="memberResultSet">
 	select * from member
 	where email=#{email}
 </select>
 <insert id="insertGoogleMember">
 	insert into member(mno,msno,email,nickname,mdate)
 	values(seq_member.nextval,2,#{email},default,sysdate)
 </insert>
</mapper>
