<?xml version="1.0" encoding="UTF-8"?>
<!DOCTYPE mapper PUBLIC "-//mybatis.org//DTD Mapper 3.0//EN" "http://mybatis.org/dtd/mybatis-3-mapper.dtd" >
<mapper namespace="suggestionMapper">
 	
 	<resultMap id="suggestionResultSet" type="com.kh.dstay.suggestion.model.vo.Suggestion">
 		<id property="suggestionNo" column="sno"/>
 		<result property="suggestionWriter" column="swriter"/>
 		<result property="suggestionTitle" column="stitle"/>
 		<result property="suggestionContents" column="scontents"/>
 		<result property="writeDate" column="sdate"/>
 		<result property="suggestionCategory" column="scategory"/>
 		<result property="suggestionDivision" column="sdivision"/>
 		<result property="progress" column="sprogress"/>
 	</resultMap>
 	
 	<insert id="insertSuggestion">
 		INSERT INTO SUGGESTION
 		VALUES(SEQ_SUGGESTION.NEXTVAL, 1, #{suggestionTitle}, #{suggestionContents}, SYSDATE, #{suggestionCategory}, #{suggestionDivision}, DEFAULT)
 	</insert>
 	
 	<select id="getSuggestionListCount" resultType="_int">
 		select count(*)
 		from suggestion
 		where sprogress='N'
 	</select>
 	
 	<select id="selectSuggestionList" resultMap="suggestionResultSet">
 		select *
 		from suggestion
 		where sprogress='N'
 	</select>
 	
 	<select id="selectSuggestion" resultMap="suggestionResultSet">
 		select *
		from suggestion
		where sno=#{suggestionNo}
 	</select>
</mapper>
