<?xml version="1.0" encoding="UTF-8"?>
<!DOCTYPE configuration
PUBLIC "-//mybatis.org//DTD Config 3.0//EN" 
"http://mybatis.org/dtd/mybatis-3-config.dtd" >

<configuration>
	<settings>
		<setting name="jdbcTypeForNull" value="NULL"/>
	</settings>
	
	<typeAliases>
		<typeAlias type="com.kh.dstay.member.model.vo.Member" alias="Member"/>
		<typeAlias type="com.kh.dstay.product.model.vo.Product" alias="Product"/>
		<typeAlias type="com.kh.dstay.guestOrder.model.vo.GuestOrder" alias="GuestOrder"/>
		
		<typeAlias alias="productCategory" type="com.kh.dstay.lee.products.model.vo.ProductCategory"/>
		
		<typeAlias type="com.kh.dstay.member.model.vo.Review" alias="Review"/>
		<typeAlias type="com.kh.dstay.member.model.vo.ReviewImage" alias="ReviewImage"/>
		<typeAlias type="com.kh.dstay.member.model.vo.Diet" alias="Diet"/>
		<typeAlias type="com.kh.dstay.member.model.vo.FoodSearch" alias="FoodSearch"/>
		<typeAlias type="com.kh.dstay.member.model.vo.WishProduct" alias="WishProduct"/>
		<typeAlias type="com.kh.dstay.member.model.vo.OrderInfo" alias="OrderInfo"/>
		
		
		<!-- 현지씨 해당 vo가 존재하지 않아 비활성화 처리. 
		<typeAlias type="com.kh.dstay.product.model.vo.Product" alias="Product"/>
		<typeAlias type="com.kh.dstay.product.model.vo.Ingredient" alias="Ingredient"/>
		<typeAlias type="com.kh.dstay.product.model.vo.ProductImage" alias="ProductImage"/>
		<typeAlias type="com.kh.dstay.product.model.vo.ProductStorage" alias="ProductStorage"/>
		<typeAlias type="com.kh.dstay.product.model.vo.IngredientCategory" alias="IngredientCategory"/>
		<typeAlias type="com.kh.dstay.product.model.vo.ProductCategory" alias="ProductCategory"/>
		<typeAlias type="com.kh.dstay.product.model.vo.ProductSale" alias="ProductSale"/>
		-->
		
		<typeAlias type="com.kh.dstay.lee.login.model.vo.Member" alias="Member_Lee"/>
		<typeAlias type="com.kh.dstay.lee.products.model.vo.Product" alias="product_Lee"/>
		<typeAlias type="com.kh.dstay.lee.products.model.vo.ProductCategory" alias="productCategory_Lee"/>
		<typeAlias type="com.kh.dstay.lee.products.model.vo.ProductInquery" alias="productInquery_lee"/>
		<typeAlias type="com.kh.dstay.lee.perchase.model.vo.ShoppingCart" alias="shoppingCart_lee"/>
	</typeAliases>

	<mappers>
		<mapper resource="mappers/4_jong/mainPage-mapper.xml"/>
		<mapper resource="mappers/3_han/frequencyQuestionAnswerMapper.xml"/>

		<mapper resource="mappers/3_han/suggestionMapper.xml"/>
		<mapper resource="mappers/3_han/noticeMapper.xml"/>
		<mapper resource="mappers/2_bak/bak-mapper.xml"/>
		
		<mapper resource="mappers/6_lee/member-mapper.xml"/>
		<mapper resource="mappers/6_lee/product-mapper.xml"/>
		<mapper resource="mappers/6_lee/perchase-mapper.xml"/>
		
		<mapper resource="mappers/7_yun/mypage-mapper.xml"/>
	</mappers>
</configuration>